address,stakedBalance
0xeb7079800698f088f8996061f0755a13adcdb0c8,1020558952444049494114304
0x58e6949e73654bcf40de6f99fe09ae29243b17c4,756078791918528109740032
0x5bb35d290ecc0f00a8c84b03e66d974b01d64afb,296420151088648692957184
0x23b1fa47de2d58ad7636fdd765e2ec5bb2ba9772,237554992914176210370560
0xec852d93806a0e5c93e506c804717530ac26bb8d,236896646159096319311872
0x75c98e92eac409963e27efc75d2bf556d8a7878f,204278717086235996717056
0x36ec6071d2b4d07c2f89e8122072a42bac7f5be8,200195969405795497410560
0x6b75c72309e4836ad8a1273a9f9c84bdc05edc31,193009569285126028787712
0xd62885f9899b317c4b1172218e39e4df52ce6d85,188313264471611342323712
0x3a548d84e3e2f85223c3906e2d2625c7f699e538,148797298973800403042304
0xd679a242123a0a7692673d564469b6f4c40edcf4,143035084746441170616320
0xb89050a31d0a66564f416131059ab47a652fb9ca,141631827873406969184256
0xf9ac98e92d4360f1e3cdb52c5a7112a061193615,123057311142019967483904
0x664f7c454e68c607a98eead814282d790f2098bd,113685472342374086606848
0xdfdbd5700998d3dcb01f873856337ed4aadef6ec,106968597636917741223936
0xc853ed23b315c1978054286035a07c13f5946376,105280936596874947723264
0xa4e327e2ef36c7eb397da04e79b26541734a946b,97506354955405647413248
0x395ae7194474d9fab35357c227011c4b5f747741,88582196388439017914368
0x872a67af2f531a408e5a632011cf1eae3801e9d2,87576324050491306672128
0x0f696812f40d52327b8cc419b1044b0e9c162ac9,84035639565953265565696
0x480fba83dbf31a3b8c7956ea4f7037497fa67bd3,83845187371000483807232
0x617898466564d03a6cc602e009d3200c36bb92c7,75743107421497385287680
0x02a952d7798a94940528f737788d21bb6488a534,72901848703325993697280
0x5d433b73ed2898e00e129ee87621af184bc00259,65192350014579912212480
0x3e3385bd86ff311095a821d6f9e988872eecd1fe,65101700565997839187968
0x4ccd66207b5666a9e734d2dc7deead7e42fec2cc,64891103846648197939200
0xe21ab71fb3bbeb78f1da91aa3b678fd46256dae6,62224515588169463234560
0x1cb41360375dfe8ac94a6e10a9027e364966cfd1,56363665057433830555648
0xc65edcd6d996b6dd20311b7e1bc6771fc4319178,55747627127835669299200
0x445cba8b695c0d2c1d7497618624c620265d4132,55257191775329729904640
0x46cb02ec80cd9cfdc8d2220d624428b6823eb9b6,55119344436561076813824
0xd3c156703591d155ee5002977cd0182b06e7172d,54621673174595325132800
0xa194e07d6e640e7f0b97e1ccf43cbfa78b574f62,53583465976649341730816
0x9416fee527db7cb6fabeeeed4623ce372be13fd6,53552425766263273291776
0x450fffcdcca801488ac805f2bbb30e0447aef746,53343700790029355843584
0xdd1bcab11b8d7152ebd732671ceb0895532a1e3d,51558102845444969201664
0x3170a8fe77929d44c019c9cceab1bca8f4e4002d,50456356134439993999360
0xbe2d86b6973a6f10c778aac33bbf50778cb5209d,50218698879810425323520
0x37b0c6f8ac2b163f7ee9dc78786b00ea8db8ced3,50005113521305475350528
0x57d1d26c2de62650973ac4fa5aae363135fdf346,46839310261736559345664
0x58ead0abd4a6c097365b20ea125f01b4f559be03,46522467874819083862016
0x89629f6715059abdb48bf7ee1ec9d8222db1f32b,45144841519827290947584
0x3974b56ae0ac8043424c9a445d1cca7af6a586f5,41601141393584373628928
0xcf118377c8bf72baf556b98cf411ba98b93aa658,40496307536525153796096
0x48f7cb174a2333de834452ad240ce8d3d827dc55,40352895843742919950336
0x5cb20485ede692b76ad1f12ee70d089437b99de8,40313099035489490436096
0x163d3e1d1d74551af85eb74b9e91920e0c724d71,40255624323961641238528
0xb76e8b0fdfa353da02295b6c6090eee7a1d0d587,40255482989373477093376
0x8da69627050a4afc00df5d11445f8c415838f3c0,40112078405378328494080
0xbc0f31257eff5e30f2e0ae36c319322deaa66576,39168201565106943819776
0x65c1425bf0067d3855b72da10b2040c2e4942675,38941633409014246146048
0x1de9e60def81ffcc14108b8f3b2c927e15a9c9f7,38846911037562003914752
0xb06eff4242595332ff5d1b1f865fe03269dab66d,38005627944735504072704
0x0e7f05f5197bf776206b772f8183d0cc09266189,37079467304559455502336
0xf766a890808a466f2dce3735b1763fc1cf0bad37,36721706094934462824448
0x348e05c4e721ce821e182f379a63aa36edf2f341,35743719460758834118656
0x06ef95236a4fe41ec49648af4c177115031bf149,35080509686924879855616
0x896a22360e36ec826c20eb511065d5a2f8456d14,34598250096715030855680
0x03b76647464cf57255f20289d2501417a5ec457e,34208708489143704879104
0x45bd52ef0602814fe8976bbf976f5c24c83a2f11,33074433863571516424192
0x08e9a575182f131bc5efc28cd3e19782bbe91ba9,32848201646392039440384
0x907cc1962230103a9cd5ef3fd5b96cea617eae42,32814198064936403337216
0x9c2c815899b855b40fa9a3ac16df644fb395dd56,32719057351225093652480
0x5d43155b94e2b41accca3273a2e91f9a3c7873d9,31809489290744207245312
0xf251efb1d2f28204b2cd77ff30e9dc7564adfafd,31721176539980955123712
0x61eba7318101f7381e0e71c4d6c9c24d75f85d6e,31402057465991350190080
0x0c289982246774f03eef630dc253820c276a562d,30362896078204020195328
0x0321be949876c2545ac121379c620c2a0480b758,30258376591048349581312
0x4569cd9d62f1db5b59fd504e7e80777274299329,28795836130763403689984
0xcc3465d6317ad58b0c0b0303a9f852527b00da3e,27074199962254449836032
0xa9d1908b45ba8b8161259e7651582dc80ec0ef39,26526231303306478616576
0x0462781f025d12503b3664230db034d1302e2a56,24434153476855225647104
0xfb9a66a537779e5b980e89710592ee5e4718261e,24323917608662121578496
0x4e51b2d46e863e75cd7703b5aea6f577fdf50865,23584035503917433356288
0xb1c96101429eecc00b48a8d4af82b70e3887ef7d,23556238605636151017472
0x30d1cb38054f04ff2043b6e2f93b1786bd55bdd2,23443094391657567617024
0xb4bc4528781f119c710a3c5fba34c28a92a7e3f1,22346793584458775658496
0xb6c472369e6fff3f4850c3221737168080b313a9,22030320504425209135104
0x7530a404d3373364fcd38aa672fadfae7f56fc20,21635465457301224161280
0x2d0a2bc1756d8529ce1c67158958bfc734ab47a7,21201804915907516956672
0x1edad11a8d1a0417e90ab30c32b24605b2f2720a,21039497600197826969600
0xf6ce79155af951ed226f9ea5518b17a05e53ae7e,20560158371046670467072
0x33ee2092bcd42c6eefb963acf144311383ab3f9b,19720933256361311993856
0xa0446ebf67e61161665b853e0f61c588da3d3e0c,18789482506936083546112
0x12fd06f33d6a573f949cbd1984ccef2c298a0b7f,18222165732699215495168
0x0416d5cbffb3e3b4a3ba886c4346cbb69a706032,18188983000313093947392
0xb347a88e0eb141b0f144e19cc3c2f14e31972dec,17493304019545688637440
0x9accae40845818a0447a565baa8f089ceca31f7c,17029279197953806827520
0xc92a3e4d208c6863353a109cf4b5cf4839ce9ca2,16910023206660273602560
0xca59b2035a32dd673ed1bbddd0908341de171663,16750737737178507378688
0xdc797c354bfd4c8262231455e8bed32cde4ae1f1,16676168636604170108928
0x12bd21ceeb3d4c8d6d5c3f54d6c7e62b9178d5f9,16616679156570021429248
0xc6774efac3306b2eebc21ed8d61043525755ac93,16584798121509582274560
0xb195a43d7a758e41ee9df6137030b09e4c43e0a3,16445349467607114186752
0xe4fbf5f715491499e35660f0a53c379145cc000d,16025297511816479375360
0xf2c8a4fcc34c40f0289945610e38e9167ae41fea,15987817598883880501248
0xf69ead7e4a9a33e94a6a2b775bdc48b627409873,15921065063048770748416
0x5f467525fc2e4fddcea4247e87ec6877406c8595,15620021222664109555712
0xccd6d32f403b778403e524d1e9a75a10b8bdbac9,15557880735612929048576
0x7636dfc88567a8c2e67a3e42ac6f39c3ca331d44,15494622723990641180672
0x3ed96bafc19e3ff80a92748a6744a1a025f69e46,15487878589272928813056
0xf45cd4601a0273c12ad6d136320af7bab20a406b,15284291610092547080192
0x47e6e60b3903a1e475cadbf8f998ef27d3904a1b,15222556173792339558400
0xd6084a9325169b4c8e2602db42125faa87699ac5,15144132149181748871168
0xa58b94936c196d5263b54232eb7d6c2b99a745b4,15029803866651099136000
0x023b9560d61ce8f63bf23199cb15d778916e1ddb,14529284847005503324160
0x6843bb8ef223b9d0cf01b7b975b215aaec57e49f,14214102365182791516160
0x18e89d10a7a7d8869865f8b78135ac89aecca42a,13771140362212992876544
0xea1abbc5c51a95eb2221b9e42a0fd45195a2aca9,13751832125297857134592
0xbb746508b8a8ad4f943f01e0c92a676c9d3fbb59,13597416888835812360192
0x7e70db89d673f6cdc8a3810fe9bd851fd6b7652c,13408448825598760976384
0xd2dc2a252b681cdcc74616064af37a13954e55a7,13356781850731527274496
0xc1efadca59d359b781f7d79a4fd666eb72c8fdc5,13325891282937613123584
0x138afb45fd6631d963cf1106a300eb175449e34c,13302545535895097835520
0x2cafe9cba9da5a49e3ff28eb63958c2583cd552a,13256783786809225117696
0x2f7f388dd497198c740654ede29c685179514489,13076434061136786096128
0x8cfcb6baacf2ceb08ecfdddeb051bf2ce090c09c,12977854348415756926976
0xfdc4f744a3bb85403ccfcf70efc68171f9757e55,12576687845869325647872
0xa1710b829d227e2d11098ca15b0ff33d95aa9fee,12511496393990229458944
0x9de772b2aa920fd61e9e1014d891a55e1f7bcc1e,12499958911905461960704
0xddfd2627fae4d379332f0e96f802fc6901a2b920,11434224192608018628608
0xd2a86dd2db22e4b11457a1bc4a06c6b684317e0e,11422262625485988036608
0x30f4dd8e3646797ceb50766a2acde0f8da6aa785,11314218920610646458368
0xb110006387ae6e67e86fec7581a84508e4049138,10972836638282643144704
0x6aa33d1f92f2b64db7be6d8190390091dc69c8ff,10847852512611078766592
0x759a740df7d90252d7e6dd90676290ba4163db36,10755568183560552579072
0xfbc6838168ed4882914b398306ffdaae946b6792,10727030974270096277504
0x1fa767adb65ee9acd8851a1aa9acaba6d561ce3e,10621466050880950239232
0x8444ad33e909ff0ca41d48dd97f6e681da5532a2,10582934304590879784960
0xee5d3a61b22a7432dc20f31d206aa4c219962bdf,10579994363311094235136
0x071fc6aaa40131e593be81de9e980dc382120c53,10508554259095575592960
0x868eb45df78edde1f10df345301d573a0d5dc073,10027694741244388311040
0x91d2af6e19a66dacf25429e0dee1465c31318e9c,9957211224354869739520
0x83fbaef0283acf03d83d78c852610f3d15b283c2,9939197560305951440896
0x72d940fbff2314aeba633677e4d1a703e2e5d30b,9914060883200428736512
0x88595ccc515ed95b0dff9980f6de0cb751d6a4a3,9817112865934132903936
0x0d6b29b42d3f7ad6efc07aa56bea24c3e02dca35,9733246502075365326848
0xb15e0947e01def84ec0e1b2c1edb9dd13eb828fa,9666615698525383557120
0x81762ba1237f4cf338805b9bca640c44f7d96633,9569840664134213959680
0x351228ab1076acee777351a4254b37ea68cdaba9,9421503724435310379008
0x0a87d1bda6c13902d8b59e3b1f50f9d167d3991a,9358965557890780233728
0x017e019d6344b47854635ee87f728831260c87b5,9266320433547549081600
0x59798b9bb1084a7b18ba1f4fcd188aaf04de2e69,9125280072857940918272
0x6403ea3aaffbc6691d32473bdf35711ee8fd987f,9109493792648130985984
0x88e002a595c76db464ceac8017be7e82558a77df,9004615222217372860416
0xf6fe9679254698bd5e32cd02f830b9725e703937,8976292253756194553856
0x56e09267e1a26163e8233ddf03edfa27026b74de,8968541076678887079936
0x0995de005e7bddf21b5165a8734d20f1c68ca74e,8945927034708024098816
0x485493c144461c217c7c7a6394e7e8a67537f629,8903636229065572089856
0x23f582d5d384e339f67916678731f069aa69ef9e,8901064517935487254528
0x1577c389edcfdd5c1d4d497da80bd7d11ecae7fb,8786377396771088236544
0x798f9c5c74e3301416060c5514493f1a728fae27,8759156832162816196608
0xee00ee785575f73bf82300ad7b303d8cf64391ed,8722387421490048925696
0x78dfbb7420bd9481d26fda8b0e6d2b9b846820c2,8612890787089445027840
0x2ad44e242e39cca4951de2aedb4a7abecc8b6a48,8525855398080512262144
0x7c4ed9325fa036e2d201f63e78f5dfa795bce1b0,8239103553165578993664
0x6dd6fe644d7a4b800178e9ab37c70b6bcb0f30e7,7819614003850037428224
0x365bde31e4542023aa372144e189bc7c6d92a11d,7803967970862751023104
0x3d0f4cac67369805cd75121dbf8bfdb7aa1dfa07,7787256642975703236608
0x46b243248e623165497aad9abdd73651824897bc,7667917425682190172160
0x17aec2aa7f1926d3c1d575c7379a24801a5fd978,7611759154211620651008
0xaeaad8ad7c05fefd5a4d55cce4fd4b510a9db629,7603136183117039009792
0x56ee696f8876e07521d4dd9882754e68c7cd52bb,7382815951320451645440
0xeadc9668d1bc784230ba34e87ae9386d2d815066,7269564150750778490880
0x0fbc729984c3b9a6081a514ca5107945c543a1b9,7168562188179802685440
0x1a4a367a965019cf56c8927319363e6aa550aea8,7080457950865519542272
0xa8f2ae26e16cba6070b63b7fd3779877a88929d4,7065403691423100829696
0x387f4a854a0fc5536856a3b546f0c6b4d549a0aa,6744489915415827316736
0x31e40209cfcdda86baabfe93a428cc9143a9ed30,6636570785222452314112
0xce424875b0d20bc615c9a85aaabb83c642f311dc,6342002189918111006720
0xa7b0838ca046bc3edcdb14f0257de6e85d840e01,6298188054581421801472
0xa57c392de8cc8ecf14a2fd0d4611eb67e11fbc1c,6179556145095949418496
0xc7e86e9443e4a342b4415aacd9dbbe4ce16967fd,6100670776135730069504
0xf1f67294c2f5f529e166f0afa84b074122a5b9ed,6071969664243178930176
0x812e9131a67543408f35476660ac36f358d31f84,5967559580307917111296
0x8fbd0a3974d6aaa9c0b8b2231fed6fbe20958750,5683202333426395906048
0x04c5c3e867a75244b3189845c69d3b5b9d7c343a,5674319736248882692096
0xc1bcbb94065e16f243687470b4ecb4c19b58709e,5421322374271811452928
0xec93c99ac297cf58c90e388757c4cbbae9087289,5270935675886406467584
0x1a01339b51bd7302cdd32064f17415f09f348003,5265212633360994664448
0x5c38a696f02e9a24fb121888e155a47644084291,5192557006143370559488
0x98f2ce1dbf528fa51126a41863e91e8a9a259c46,5157947834901145321472
0xab7030b74658cff1150e1bd7816faa66a0ef6d54,5128637346447617949696
0xa3fbdcbfcf07923262a3f373c3f491f2498ebb1a,5040323284179662929920
0xd0542a497292b9a1274a29d514d71950b8680bf9,5025085113645077102592
0xe65f61cc9bd9b034d0d512e513cb419b268cafa9,5018535153485406535680
0xea326ffeaa7ac2d862125cd8f806c54ba90303f5,5001231189664102088704
0x5adfca582b080def56cc8916a8db797b1368d19c,4926617900653216792576
0x180ae19890bd38d5a4f1c6ace7f7a58d8afd59a3,4896687924088472076288
0x24a51bcc996f4ba3137989effb630b195a3b5a97,4830887061911683203072
0xc650965b5fb59ed63d29f333811a2de85da55c3c,4796351897018020397056
0x1ef1b39b523aa7d537b794086a77aa27feda712b,4710558743228328706048
0x7ebabcbbb3c3afc3ec944783d6306b80bb5f87fb,4604482721555806683136
0x98b3836a3697d01f56583c84f8d65427eb8a572b,4563070684019085541376
0xcc71a9aacd2e9b61cdfb0aa84c82b8876276f399,4553848287222206824448
0x753d0410d15b0a658c028e3c57fad2b9348e2d5d,4305075364024195481600
0xb103ba22763edac51634e2fc6ef64ab1380e393d,4299108145603612246016
0x9b9093787e0cadf513ac42570ac5b6aa20c1c1a6,4253578951676008595456
0xd38f0746cd187f10f67ecf223d5302326c660559,4081320463432851390464
0x59727a8cf71d5f3dac3a16b282cf645dfad96bb8,3967719612737326678016
0xcb7f5fa6700dc7723c5b8e2c71444b7f32c4517e,3916602223768476057600
0xfc8b93bc63a8a5c81a8fb582684ddb668e3e7ea2,3879200014769018896384
0x70583e45a06dc623f0162c1958b9271bf0e5d40d,3861347641932350750720
0xf99ed94fd5a14830efb8372c0be12cc02997d58b,3845391681417778823168
0xf91bcbf7efe2040aacccd8259ebde5f064e1b64c,3810774881142602465280
0x178b13f57e829323801872382bc1bc6840f2be96,3744431806346296819712
0xa0516b264604099fda522b0ec6ea1412511f2230,3720053275338359701504
0x88f1b2d114d5730e246abffa467def7fc7eea649,3662366587156237910016
0x0730dd0d40ff6cfd70a234bdff597f98cd7cb038,3507801435488990003200
0xa5787283ea37d7321ef8b3e0e21644bc064bf39b,3506977077914834567168
0xda073663ca3cf93e9d7e46b6dcd299b9c66b851f,3503009705810435506176
0xe0e710a907a8e44c078e6212efa336c1191f4cd1,3475326642987349835776
0xca9c87f80a33536a7be30bc969ee00e406a1c2e4,3455982406382799290368
0x03796fa1bf321bf02cb48969723afe7e0cdb5e55,3407107922569920512000
0x047112d2c6b6474318791f5d12459045b16e95d1,3391537823990144303104
0xc5b46e23ee6603fa80eefa4331149603838f89c1,3338799965659348336640
0x36efb03d3aca8f0372b5a91194d669982d77d1eb,3254119319077690277888
0x1e6b5986852ad914c5f3a7d3fa19478d6371053e,3248678572853916336128
0x4a5b8d1eacb326fd0bf56a180e832faa81e964cb,3230114892524619300864
0xc82ccdee556252199dab4287110f892f2ff7176d,3199129518149143625728
0xc8e27ab15e9500f792fd7264effaf32274a4c12e,3151624044959222464512
0x20e2a55f0b20d24ab395e8a0d90c6664ef7c0b9e,3090888303729817157632
0xd8b008c8929df1bb68c7f27c7cfa6a1b4aa36a92,3075987889321467183104
0x35392bfae62e84e68b5b0a00b0c71fe0b870b4c7,2988195711342358298624
0xa36a9ef4e80153982173c7522f654f17b362c439,2969541760650052632576
0x38a46ddd92186d411d01688f8425e921c5bc5043,2921366796549463474176
0x84063457d886d403b5df1ae96785b98c4fbfa4f3,2877108041490924306432
0x0cda0ab82063b2f131c0de948b011525b911c674,2851030359053247184896
0x0a030351815b6981674cbec66583f073e8d00038,2797956385097909796864
0xc14601947ab10d1f97b51dccfe99caf50f20ca2a,2749363636620616007680
0x03783617290732be0c02166a4a5641f59bce8be3,2728272952402283855872
0x6989162fe1527b60320a0e2a552a29389a0cdeb5,2723933396669167566848
0x69938fe29ab634c759a4975bee592c669b190627,2677056686652331655168
0x5d38d3603244a448bd6805f1fd3177dc4bc8f68b,2610511970809334988800
0x9815e07054d35d7b620661fcfcfe36f7c1bc0a2b,2590833044885134114816
0xae14e4f29b12d59deadbb756cad176c7acb5c6e6,2585500337042849005568
0x70371965f6df67622f8097e77a0a71290eb09cf6,2577104053158861602816
0x7d41e5ce410175f0289a9238fdaa4611ea17bc1f,2513488260184629313536
0xd0dbfd27346b99afb07bab8d41564c57613cd0a5,2480734485709327958016
0x191d07fbfe19bcde3d1774baf7ab07f1421c3152,2410734934930652921856
0xcf9dff10e8970f78d8b178ddbdf9d0b8e23d9035,2407123880616017788928
0xf045aa86f4cc63c0fd05a1b399ce146769322d71,2393126977785761366016
0xda651a390f94e4055f20a3be11e6211b6983dcde,2349117583411442089984
0xd58ef8a78b704e04a08573a881126c53e0a52233,2316169375299392503808
0x4f6a29b331e140e6aead4bd031852c510131a6aa,2280065519190320611328
0xa648965f2c179f9057f85e27dad1ae1f5df2743d,2278447705301782626304
0x5dcc84f6f37f78772635c361d377846d004958fe,2200995800345250103296
0xe355b0b248c4518c68bbf0c8905838cd5e1c3621,2199722325030880673792
0x3e0943a372f6849cd54cd5bf0c1fe899fd0abe43,2196703551257945571328
0x63cf7ac63379f20867251e860bcc17ab019d56c4,2163679706020289445888
0x948305867dfa3e2539edf7bacbebefd5c5e67e4e,2139840777550245396480
0xf20293f6056877bb5fc0425b7e85f518a6c19b4a,2137756548595265306624
0x836276bb69667eda16ff0c1769d65f1d738ca2dc,2110282180966441549824
0x6cca738706ba54264777b78a753adcb833c94690,2098361475265162117120
0x8cb376fecc69cb357e1dd6f248b999a046ce3164,2097732140121186631680
0xffd3eeb9e64ebd6371949bfbe107342a170ff32a,2084907058372972642304
0x7fbad72f0fac98687445f028fe7070705d7c8a38,2082517621631204458496
0x92dc7214c702d73db5a109cecabc04f6e4814781,2064393089410593456128
0x7d60ef863b96d76d8207ccf79940f5af9079a55c,1997342040097957085184
0x4819da611933e182d798c88cdd283e54ac9b96b2,1978398620367801286656
0x940dc0128111b4454537bc09cdbdde4b986a0f32,1969481722277780783104
0x66ecc0c358f92c44c718cfd6e0d70cbbb933c2b2,1940863023281574248448
0x3d65768555cb4ac47572e07fa880124cd9eaead3,1862399862442149019648
0x5217b145ccb25a63918926697173057894db42fa,1822960095569916198912
0x93330a70e980b4a9ef938833ff44e042008fb71b,1821711143955998179328
0x43727c6deead9e710864f3337dde043e8e7b16ef,1731412899644398632960
0xae3c0d48f8fcf4bb35c344a7f695020a545d625f,1653601043012817518592
0x95f352823418711a2b6a01f0170bcc6bed41f3db,1650548158321781899264
0x15a4c3d3d6360f51b0380117e331b94713899177,1646641406160165666816
0x9cc6b95e25fe81a110105f6cc2ed87add76e6bd7,1616764062341887950848
0x8a5fee900697612f932cb5ea7013a8167d1bda70,1611333811584196673536
0x964502be9d6f2dbfc0870b67c7e64e56a0413988,1585843180577067368448
0x0471cbb9cad0809c65618ed5ee04be989c7ba0fc,1584621953649284481024
0x642a26de4a2cbd276c4e30bc6e7e0b32c8547f5a,1514337473356141690880
0xfd3ce1771f0a76374b8c187ef399ff3994357c64,1507637436676620681216
0xfd8797fe5f23fc209f7575213bdbe918c7265ce2,1397910304463797354496
0xbe36f501f4e5f0e7199486fa1db4dea9581bde48,1366887543861832318976
0x8c03a752cc2acffcdd41a2671e66bb3bd6eccfc3,1362390400247405215744
0xf0739829d66d5b0a2872a2d343c6b83b896869df,1326676546984457797632
0xee3733ee223caa14152ad9163b5d47430f1fcb0d,1316010750486084059136
0xa54e3729a7760c23650f8b0f0b50114fd921fddf,1286724610460119728128
0x5ee919e98c2496590c566e94fad177d1d50236bc,1269344866622199300096
0x1c1791be3b06396c870ad6e3cb5bd7a4926666ff,1238150719149815103488
0xd03156f77f5be553918720b3b3a53becaa7e875f,1228993502163753238528
0x9eb12f19d51e0b3430bdf279493d90a52f799e1c,1226642080038928252928
0x05d9be8284a988d46100613bdfb8944a8c6498f3,1220322601513288466432
0x8c12c11ee42ccb87542cd7f9de428193bb939cb4,1215194829903002599424
0x6d922329dd97258902b15648c166776a72a74b9d,1181825302503321501696
0x59d0e3edc2ac5f2a9974f0f4b02e560c1d89465b,1177092841080157896704
0x9833eee8055c425375dadeb12109c4b3ba667d79,1171774770702910750720
0x903ba2a742ca284b77352fae1a6e37264e3c0387,1168056610099581288448
0x7c8da84c4a4b4ba9bdad65332c6fd46bbb04b884,1150036510585866158080
0x55cdf864e62a50505b7d478a04c5b46a33236ea0,1136791882228186349568
0x015359e5404fc97a5f2631986613fd85c88eaa41,1129886270152346959872
0x586d0df2c570b6dae2706c5b4f606b6f677f0030,1129796365443100180480
0xf462496d1096550528d3f0a0ddb9404f9fae52cc,1128669031144382922752
0x246858e2c8fb0684a6b22326d87a4e296b4f7609,1105232324076146917376
0xe282dd82a23e7068f3c147f5675498aafa6cbcaf,1100220799080162787328
0x43019ca6b7ba2c31aa9312c27b1242fbce8ea315,1085547057648985178112
0xfca0d6bfd70d00a6affbbee633b829911c025fda,1081949313400944590848
0x0930d52c220273812a1364d6b9d14a8520bd776b,1079926080354907848704
0x79768edd30cf0acb4b5aa38f1eb9e9dd6eb70028,1072158949510079578112
0x03e709d8daaac64e0c11b303f1e937acef7edc30,1068739377149151936512
0x4dcc533b18baa4d85686a079c77edcccfc2ea7c7,1061583895484387819520
0x0c4e5c555e4f90ca5203b2202bd13958e7b8fbfa,1051312015819288215552
0xe4cf2839cb41cf1f75016b21ea8e020717ac7535,1046704714435688005632
0x76b6da48b266087694baaa26eb9d1110b2698c76,1026980954072991793152
0x46adfffd378dfd11b9a15b9eab2c7315ff3dcd78,1021051459831804067840
0x682fe5e94e28160d61b638e9d38959973c5a5493,982994836311482695680
0xd1842fbd382ab87597f58362bfa33ac749e4d904,970040496332004261888
0x59d5c0e39943167e4abf2d7062ec5d422e768ee7,969122910181660426240
0xb72fb08dfebf22b3fdd6ff1e930b7d8e80e5e5a4,965288995065759268864
0x2538e764946ffabe8cb206697d492621c677fb64,934483812903858733056
0x62bf9883c289645a3cda297a1102077162d03e8f,880770443686565904384
0x84e1626d8eff384a05b4560abbe78ba454bde26b,875122956909629800448
0x5e0441ce41d2d12003b13868cb6395d329664b4e,862314023937076756480
0x7b3ca3ce2ef72da0cecb618508381c0f37d12d5f,859633965602039398400
0x331ab3ef6eb8a0373781098b43ecb4f9593a150a,851100315420613672960
0x833baf12c2e762180b8bfbd2f47e3d33e1067a22,832686426285564624896
0x6d160d4237388aa075e1653d6b3fdef935b2bbe6,814904022238228250624
0xd940c1d5435f2654257833551ffcc591272bf19f,798252521463281876992
0xf4e3885f919033ab4d5624fc4a4aa6596448a891,792748404224992346112
0xbc469d4ebec1b572e304ce84464291302757c95b,776867408189591912448
0xbf1801e681f13a697630a364396fa8eb4b1987dd,775883515517268131840
0xcde5e4de015c2607e105ffca49965f66ad6cfa61,772105790892591939584
0x6fd133e5f982ed76f3666a3e7197a57bc249f4cb,766397225689585418240
0x004907948cbb26c25f47ce21c9a7aa187b20418f,742141419869934977024
0x2b2d34e5d08defeb732285c2f2d5579e2bdd4d7c,730463698539691900928
0x410efd17a3850bf7e4c64e079f020fe1fce42fdc,728899503855141781504
0x7ded6c3c3c5f52135951d82c5a58eae0e650a8f1,705816767152704585728
0x45533a7d505c8dcaf835d97b577c634cb14b5ce7,699559854688467419136
0xc680828fa32e852b95f239554b68a0a551ab8742,660775705717736865792
0xf4bfb17430d7bf772bd2b372ea7601757d42a7f1,660046156889227919360
0x71dc8ab25ceaf50405a17320211650b4cd932f27,643182785118328717312
0xeb79a52436427cabb2e36f446216136e7ce16b78,637455568230911442944
0x76b0c4cd5b7c695978eaa10fa28a5becc82b84fd,627981799407252013056
0xc61e47a24a3f25b9b4d7771ab8425b64324c9907,624298203039932481536
0x64d42a0431c91a4924d3979f75872dce854fc171,620887390247539048448
0xf1fa85c473ae73408e4944ac8a6e322549f3cf0f,620616932761840386048
0x7bbef00b02581c5e50afb230139d0f378195ec2f,620137263374223278080
0x9b6da067d293f49e7aa50142b930ed01e4c1c661,612616442723338289152
0xfcd98ca9aa5108f6bb64d9a9cd3e0eb6609275e3,609964344206622326784
0x00432d1ff71472449d7c763417f1ee22248815aa,587807120953733021696
0x13fd22268a7622c577d84d32887b09efb28bcdf8,582561136930596978688
0xae4bdaa650edfea700938587da2b835e008aa965,573490325571093790720
0x63e1c6065165d461b5ebf6f8cec80a695168f546,566107681765074927616
0x938dae910e6d317407499faad7a172b5c19c4858,563606253838562492416
0xf0595ee5fdbeeb586a23ab57916e1dbd3c2107c8,543967005589482700800
0x749f737b5d6b210f688295447adae55f04b3733b,542678224460232392704
0xb8ca81f8b8090cf76701376321a7679ebb987be3,536746636265993469952
0x0f310ffeadfdd24c002194b7a9991854a3424c83,532240582643975323648
0x540f9ea55a2104fe7eafc08391d17dfc0440167c,527746756177891033088
0xc3237cd8ef935aa2cb16a18e5f3cae9c84ff1c2a,523906465557269184512
0x7d401b64b3e12fde4a602d3d54848775b7595736,510895832903470612480
0x4ae4875c6f2820490bfe54f49d8f50e075947f03,506553694119186268160
0xa9dcace2356ed62ac1bda5e44088047a94ccfa99,505176647671482679296
0xd90c4717a5528d26d96687d02b46877e892d0acd,455575502337438646272
0x7cb7560fc5f1d9115b56e95fee546860613bcab4,434265924813803094016
0x69e9ea3602789f27cc24f6e7e5798cc725a432b9,430738079789685145600
0x1c39697f006ea99e28c07503fa308f53e496fa63,419931658717735157760
0xe0703833798cef035ebb65896d6f69db8d805722,417524879582141349888
0xa48235a4ef9b45ac4437ac3e2e53cd37cc5f34f2,409731791481587761152
0x20638dabe6b0790806f0c0eeb0042ece14021122,401169121680112091136
0x7cc20f5aaeeb90473565f2729443966057a4fd48,399237500641461731328
0x2b7aad8a12f4845f91d8047dd763d26432976264,375324920080338583552
0xb6085e1b9f98a52f50c29f20efcf7de6643bb569,373772889326001455104
0xe8ee9469f3161ffdd28d6f0c507dc1b17a892ac2,369016096129055784960
0xab4b01a4b2eff609c9fbec440b2a7348bfbef874,365679572574579916800
0x38a6d867becbf932cd1d78b9cec474e402e8ccbf,364631295581985701888
0xa0c348a4d3b7b861cec2f9d03dcbabd2f28e9101,360045492581831737344
0xf618f1f2d8bb657ee925045b8f50491a8b5a6625,350194253233023746048
0x2323715dd7a56f9ac854c6e3e82eb41280cb5d18,335299097192087617536
0x26921ae62e7c15768396644c6785dd9975237ae2,313888210928767336448
0xfb5a90315b151c666e9bd98416448fa6021bb61d,279403625661264986112
0x4d8cab5e5dc7b231eed3cb17d8fece47635cad36,279109155384286904320
0xd32b72e69424939f9c3ea64ab812ef54e9b8ff6e,276392045008072835072
0x055109c45ad0ecf7f767c3467ca75f00b8aa591f,264037362848748273664
0x9065b780004a689b04e0601b127769f9b5dad7ec,263191989792276905984
0xd87f1d6e354750d0e0b13372d423a81cbfed734c,257201389791941296128
0xab9bfe0a9c8fcaea413813b1424409d9dd563d3d,243138860250428899328
0xfd82267fdceadfacd08685fe0e6ae883a90634bb,239023920081587798016
0xc4bee7a2522286ec0357b6fbf6e08d3e5efd3511,231923409931486920704
0xd1dc00891ae45d8b980d26ace85491744e1eedb0,226828524973979893760
0x3edb90cdf5ca93275bdda66d7d2c6394e2af6fae,210216846427418460160
0x367a262224238583d856aca18d9591ed9504367a,209199474863546433536
0x00e8ce8f91601d654a46d7be0890c61f2e5c262a,208365899828865990656
0xa36e72b78d1ea07872dbf13112061decd4825999,204437660542681874432
0xc4c0f4066116f876b5458555f169b04f5c7b2243,202752439724798083072
0xc4e2e53e2def7a4dc9c1d542197023e916ebd3b8,196784808007050756096
0x4efc448ce2d3d3298dca7259eefad5ac84f1a1b3,190526022639690252288
0x8cd4a2cdd06c5247a6b67422144cb213f13a8400,182204541937918705664
0x9bbdf2b2b728526bd94a60d78e581cf44cc75b41,170843086842617036800
0x3299d5eee1934480072e21d6747dabe7b4d4a73d,166156840274167431168
0x559d0e710cf8d035bca3e859af1e3332b03be2cc,160876274921654484992
0x20d4c3d2c324e6afc0aeabccbc3c11afbc442355,152242307474097373184
0xea0b2e3b1cbdc62a7e90bf443444865681da4903,119037093262848966656
0x2ecfaa0e11ee2a85af3d042828f1bcd712b8f142,110369869842444632064
0x03bfecce7f5c600c688bc1455ed3309d52e605c2,108446629698191835136
0xd9a849d34c9a1b74e106c7bb656adef3c09f9e9f,102217757865299247104
0x9bc86996822381b9dc51d367a6bf088d397d9f68,96863329727576997888
0x5006cef6f6c7f76cbb5ce62e6536e4e63b52dd34,93439093899707564032
0xc330b3831dcc42f80d85c9e0cb3c9795fadef249,66589837552760922112
0x0d63721b6df92b898b25ef0f14f9184f0b6659fb,64167718130404876288
0xd36449cea7d3c9bab71f0a3ec8f073709c109b01,59050609897936830464
0x2bfc6db3c87a30f4943ea5747c2992a231896ba0,56566313012245626880
0xf8b0836d4f2bfefef7b7a8e2c2b6bcf9d238c236,50434597324927287296
0x9aba6b3cfc3a36e48724b17ae4639ef0af1f6a90,47557197291112013824
0xf9a03f00e0779d14ebdafa684cfccc4ba077692b,45993357277741703168
0xd036abe7f2224006bb2e7492c52a38e7f8993cf2,45039151712469270528
0xc1ce543a7b056d2ee2b1404c31d37899c7d9c2a2,37587231055184191488
0x06d2081e3b36a1cd75cb5c90583a49882a206af1,31655163269016100864
0xa1cc1d2de52706ae895dba1852689d8d03708f3b,27847650340208181248
0x3f17cf5336d1a0efe6b2b447dfd3b1f23e26c6ca,16603687321417238528
0xdb681c01a24d2c6ce8ea6e5262e4a66b1eaa0022,11382432668636731392
0x99525d52be8b4ffd06a5f162b9bf7c26a68e8c26,8401727591724499968
0xe10bab98c2c855bd79ef3345283cffe4a9e0e827,5001365723508697088
0x757798a86d89f6786cb5ba75f74086bdc6ab0166,4442255623113065472
0xcb0cd9c02bca74ad0e94a6b176e30dac30f5da87,3095734426728385536
0xadbb65f20779df716552d82cd30ca6d34be1162e,2041536035114838272
0xec38b1008e434124a89db4a2c8e972f4a42d80e1,1504608976814459136
0xe139bb884334ef6964b1e63a3901486a95934dd9,0
0xfa6ac3e9aef18c3c8f249165a47c7f907969e4e8,0
0x8b685636237536a987410c2f82c7db16e3c6f17d,0
0x87fe84b39a94283e9ec786044dc77c211b386998,0
0xddd9e7a89993f8f9e8a473d9a4b6265c3832637e,0
0x16201e6cfe70a6fe2e28fff8509afbebd48f028b,0
0xf5efc0e52272e5299f9d23e314ce4f79e9e6af83,0
0xae85f57e9170b8fe24b5636519738e4c57831139,0
0x4b1a4fa64ada4c0cbaf8eae9f1e7dfa31ec11ec8,0
0x7ae77a75c6007fc47845f339602fc4822b77099f,0
0x4521b82ee5628e355883d9c903217a1dffe9c752,0
0x324f17a7a1bd77f3fffee54a66a7ecca1c723425,0
0x4abaf01c6733a27460cb99c6a66088e87dd599b2,0
0x8117097ab3a6ca9c14a51e62e13c3d157bddfea1,0
0xac5e842b2568bf44f6a85819dbc37809d65a2090,0
0x4a0aef8d3b457d86edbbfd481aa4cfc9630a7131,0
0xaa6f1c4cf049414f760cea725f9a84220a887c36,0
0x957500e385ce175267ce12b12267122b8d243dfb,0
0xfd9f844c830412e41600725ee28bbbe494adf7c6,0
0xe135f2813c0e72e8486592ec7eb0cec4ceb4afb1,0
0xba171bb8246f57dd1f20bd2164a549e99c6b42a3,0
0xe14fde3bbba7cb6d10f1e819c982d4b8a2aa0d38,0
0x3e49faed39e1f8f7147d33eef177b9fedff8b0d2,0
0x9fb3067dbca20595a2d4d9703f8b855924069346,0
0x983b4407a83e8757435dbd03f94e7b3702b9d9b1,0
0x14ed9c595a0f909549532029bb5a4b294d1eb7ac,0
0xe3190974e5ecd3a1bea316facad7ba1b0425769c,0
0xdb732de421e8bb5e4033ff21d93bb2ab4a4f9b0c,0
0x9493c2812686cc76777ae53a884f48e0e318fe49,0
0x13e9d28e45c3b93d5d0b42d8c665337ae0be7c51,0
0x67f4606b497fe1ed7d13590be97b67a4bfc483ce,0
0x14982862aebad0c1c47d672c7967424085115850,0
0x0405738a9969308075e5ebccbe96987e29da1f2b,0
0x86484f65c07992a5aaf1e410ea985aea013464ff,0
0x79aa95d8aee46df6f106ab8641d1b6ebeaafd023,0
0x4638f2cb0cf6d864f351a06d068e4afb642fafa2,0
0xd28712db54eba62ec35ff0d718d5edbd46e8d756,0
0x46c02c0c16cdfb2b1da16f42dab23860096cd63f,0
0xc2c16bbe47efd6b1c03dbd6b1e4ec7b156260d7c,0
0x138752d5162a58bbb0632dbd07ea4a4dfe04fdf5,0
0x59237e1c8423e18b2616f14cb4af94f999a8952e,0
0x75dbef8dbf311aa95628dd89f740affc1c639415,0
0xbca619205e6130f577c2c8f498728f09370abb2a,0
0xf53606d19926107ba22643ae563bf45b6e999fe2,0
0x86af458b3a817d42eece5d8afb10455e3ca202d7,0
0x36b24856219d2e3331427e674c18bbef38cd4faf,0
0x3651b9f01479adad394a4efaad1e02daf08569f8,0
0x6fe797a05359c9d91b1f85d418e2ed4ea6c65a8f,0
0xf0b5bf188081c825ac123d341c17420236bef3e8,0
0x10f043fd81bb740253f64394a4781e48ae9e2006,0
0x31d9f33fa7cb15b99d90ec35f7d2ce97f6769167,0
0xf61192b478438e2e8ebb295c5209fc534d88abac,0
0x3227ba00567e63d08cc8114b30fb56aa1dcc7daa,0
0x684ed3cc47658a3471a3384e57542e17550060e1,0
0x41a2dd2810b8ba47ab679c0fafd9188367b72e55,0
0x6e563ce4605d3f24228e467a3efadfa7dedae305,0
0xdaee967c713167161311917a87fb3489c8bc0cf9,0
0xca073e457628287a1b9481f9f039cfbeb73e2ba5,0
0x2dc84af695d2815d8e56828a1fd91e7b135df6ee,0
0x17374c333b43732181311ac4301af463f23ac6c4,0
0x230daafffba875345c6c851c002406798570ea63,0
0xc3db340625fe6f0b80c47248cd0faab8469a9deb,0
0x46a5f701e59ca752bb4cdf902895b6067a5a9455,0
0xb16431c947d3ab2ee72902525317511c82aedbf7,0
0x026155e3140d47c43e1a627bd5d7e0e62910a336,0
0xc897925222be6c25a1569e18d2ff0558ae616db0,0
0xfc9d668473ad4be18d9d7e9f280fa58155b5d287,0
0x3e703982e25b0bf5a6b301cf6d776044acea8ca5,0
0xd03b03eaf9614da31ca3892b2eda5a75b170a2e7,0
0x082b66873ebf491e611a71d917699e2d7e8a20f0,0
0x2cc57a407ad39364a080fbdf9f619d54d3830b91,0
0x9803f62ad59959e6227100ec6f349a30b98d8fd5,0
0x45108b712b93e3d454b81b0e427476fe6b47e88b,0
0xd855cb2eae196df016c6c57117dc259bbc8aa6ac,0
0x790a319886353e7cd0a5bfc44dd5b13ba782a13a,0
0xda1f0d1bd397d9cefa5801e9690e3edd4ece4c6c,0
0x9504daf967a97e302046c0c49230cb0dd375d3c3,0
0x978361ad2e6549711061ee95d027db6a50696457,0
0x4b1e674778b7ecc5a4d3cb74dfd485512cc79da9,0
0xbc33f8896cd4d9d1b634cdc86d56bf36cef72cfd,0
0x7c464b8c7dba87fe89c83841270f4b7d261a658d,0
0x63a1d631c18657b409f3220df0e93b47a16d6363,0
0x9204aafe07135950146ddabd1ddfde97304957ec,0
0x42c97a117887ef29fc9fa6f350b73c29bdecb3ce,0
0xe923fdfba35701a8c0b30c4acedb03788ab38848,0
0xed7fbc0acde51d6a21724ffdfd47821f51cfd08f,0
0x9718c9d91a23de54436ba3fcc3f8b60bb8eb1b5b,0
0x35916619c17381574cde0b118124ad00b4560211,0
0x4e608eee76812f19d5f4e3fe8eb1f2b1d7e47a2a,0
0xa09d49ba29b7f674855ca894bad506ebac365db7,0
0xc07496f47e4099c313d5661245321a1687f7baa9,0
0x5b35278379936571c5c2e6cb28434c2b94ecf72d,0
0x87add28ec692fe0075f4ed042ae548029644c433,0
0xa9bb18d4ba466320f6a68cb48f44cd40e040fd66,0
0xcbc280853b83dd458a26bde2af8c5de31da422e7,0
0xe9e26464ba362c1b0fb543e7c734648f12b5788f,0
0x0b0b062204d9b826929b589e70140e9d1bdc9819,0
0x99278bdc09fca9c5b7db708c16130d79b9d5eeeb,0
0xd3b3980f3e36d8da8114aca232435e6459aac13c,0
0x1d0fb863e133617962f09509758771933dbb0b4a,0
0x3dd2c8807c27a1609d4c70ef424c861177f62f55,0
0x11b6f3940c685499b89b9a790fa1e261406f4cde,0
0x9dee362680d9a9090c5563da8461ad6ef0a983c1,0
0x2917b807fe4b0226b49f8ea544c2bc687a075d14,0
0x177e1cc973e5605bd4eff27c490f007c95d6ef8e,0
0x91406b5d57893e307f042d71c91e223a7058eb72,0
0x4eb5c09f266a6681f3a7729cd4587cbb1ae3d41e,0
0x3990f2977c920b2a588c29aecc5be22cc46861f4,0
0x9965291272fa1db706343d4fd1a4164a957238fe,0
0x95513ee7add3fe9b5105b8937acfeef0410d7dc4,0
0xd769e4b2ee413e5b4a29128965d8b24dcc6ba972,0
0x4d2450841261a969421e55af0b3feddd08f08d62,0
0xf0e4e31c9b2569eb7374bd3bc2f211b65584162e,0
0xd3d9ba8ae1b534b3e4a385855e96c4f8890ac6a5,0
0xf04558d703aa51f17cf6e97377ac425f93f92d19,0
0x099db794446f88bb4ebd758be9c6569b1b05f7d4,0
0x0e87e162ca440a1bc68f3e9ff6cba6f71c14e206,0
0x4f3561ecb367f6f7cc7a75d41e6f64c8bf39fd73,0
0x4e0d7cb37ddd8cfa5786455b04acf8871a229242,0
0x8431d0d7ffe6b4ef135680a58b6237de68b46429,0
0x215e6f723d47f6e0374fcd7f06bce2cafc782e6e,0
0x7eb4e59061bec3ad5e269885262748847f338a93,0
0x4a1ccfbf5b68ed640d546227552d3dadaf6b1c92,0
0x1fdca97ba28cbd653b9f2a24e2a4b429e1ec69e2,0
0x9bf75cf983abfdd9683bdd2b91447e7148b515cb,0
0x96c3c0723fee5efa28dffe48517b89533b32ceb2,0
0x097d2e56912f80e5a3e4c87d72f0bc38ca991cd5,0
0x1337889e1124feec06fb7a91f864a62a3b957a55,0
0x89900e0b0e5e6efe46dd20cd229373ec84f70a91,0
0x80d78ba982e7fb7a67fd070075df3eafccd9dd67,0
0xe0b64db79e49c0242178d6f2e540620ed650e0a0,0
0xb47f5f1ee6bc9f4c39e4581717767fe0736e13d9,0
0x1e712600c4ba2557bde8193808b0c44c821c1a62,0
0x862c5d7406acf806d090c919ca30fe45b4b28d13,0
0xfc74b28fc4205abded6c699c8ee7980aab1094c0,0
0x15c05abc6163892d424539ef1fca173f34fe0302,0
0xa4e1c385d5c761b73229a5cc4dc01e5890b3a22f,0
0xd3f17693c289df5583b2c4134df88d2ef932687c,0
0x7f7d5990cced036be70ac5e730f3c5bf10f3e727,0
0xc5d94ec588719ec7842760bd0ee59c4ae28eda68,0
0xf5a44b196026c17796c3b87afce26c5b22b6d05e,0
0x4acc44d38f4ddc33bf28e6227014165c5da53a22,0
0x1f9730d6a1b45b76ae2919cb178160a6419920ac,0
0xd0397c3258dc33fa11163e343bd0ddb4bc023d74,0
0x014032bd5d26d3208a8ff182aa3a139117f0438b,0
0x797582e3dce7147faf79912e82c336f7fcb5f351,0
0x01081b1821383e48289828b8b1d03ee8e5b31e44,0
0x2832241dec1eb225a1627492b90393965cfb61ef,0
0x40326107a6c070a9f5bffad2c2354aad1f0aea20,0
0xbd751c7c82d04282ee95b6d5318ac2dbbae878ac,0
0xdc927cc731316d9d928f11e6ee62bbcb9bce5d19,0
0xd79e3896aa68544fa6ac3464faee52373dec2fc0,0
0xe59720416bf94eb34c296e9d7e3d2bf1e18a649f,0
0x289a77ca15baa5183759ca5aedebba748e33f879,0
0x79d4dc5befa04750fceac0a00e58c7c751653784,0
0x308b5b9fdbf63aa474c4bc2a5ee673c1414ca264,0
0x88b484aab9d41be82680ac5a8456a3d3b9d0b29a,0
0x272015d7a029afb5f9b3ff889729795084654bb2,0
0x30b4122e483ddaa8bb80b346d76cc6a5d17ae6c5,0
0x045779d02df51ea2afb59747f197e531c08832ca,0
0xc400de3fce614adc8db640f2ea9942b53c6150fd,0
0x980aa416e2d67fc97c671162d8ae261c105b2043,0
0x7bb051412a237cbd7b38a49d638865263676ef7d,0
0x150be62edddd543452545e502bcaf6800bcaf2d6,0
0xcc6d066a1c93c193727e42b38d6078998607a962,0
0xefd84cfa140a1419a7fbb312c95357ff510cfb72,0
0x09b64e3d589ae90acce69c75c346722d8ebfb65d,0
0xf8fc570fba6ee39498fc4bf2adf67e5b1e1ea8f2,0
0xa76098f59baaeeaf704e51b8dae2c42d77b2c957,0
0xad2017529851841b80f575a94394836d2f997a0c,0
0x7e1a9a247be43afb0c487efb1bbf236b06e7d627,0
0xfb953d5c69bb04461b74e13655072eae8fb384da,0
0x73ba166fb6753b53e11e4266679ed5461d57cbbc,0
0xa2dcb52f5cf34a84a2ebfb7d937f7051ae4c697b,0
0xa67a20dfc73c86f6ba5f4438d8914e3f6780d397,0
0xf6f905071ec616588f38d7eb8a4274f5b98c6456,0
0x3ddcf4976a49ece756e470c0012ea5971d896850,0
0x96be5b4d669b58d92bdd8e8e07a7b9ba83d4594d,0
0x05336e92edef2883d5cca2aaeee1b63187cef177,0
0x19309d1c827e7c787cb46966697c8d842f22f650,0
0x8430c02664ee9809d3206033d898fdb5e47cec9e,0
